[
  {
    "id": "a81fc680-cd6a-4684-802d-aee406cbb2c8",
    "data": [
      {
        "text": "Salut! 🎉 Enchanté de te voir! 🤖💬",
        "userDefined": false
      }
    ],
    "isTemplate": false,
    "count": 0,
    "lang": "fr",
    "updated": 0
  },
  {
    "id": "b0262043-570a-433b-9ec3-da73f3a35d48",
    "data": [
      {
        "text": "Salut! 🎉 Ravi de te voir! 🤖💬",
        "userDefined": false
      }
    ],
    "isTemplate": false,
    "count": 0,
    "lang": "fr",
    "updated": 0
  },
  {
    "id": "192dcb29-3bf1-4c69-af98-558565b0ffc1",
    "data": [
      {
        "text": "Bonjour! 🎉 Bienvenue à bord! 🤖💬",
        "userDefined": false
      }
    ],
    "isTemplate": false,
    "count": 0,
    "lang": "fr",
    "updated": 0
  },
  {
    "id": "7ed90279-d451-4dd5-a4f1-2a529ca64656",
    "data": [
      {
        "text": "re salut",
        "userDefined": false
      }
    ],
    "isTemplate": false,
    "count": 0,
    "lang": "fr",
    "updated": 0
  },
  {
    "id": "532d88ad-a4e4-41cc-b646-5da7dd5c9f03",
    "data": [
      {
        "text": "salut à tous",
        "userDefined": false
      }
    ],
    "isTemplate": false,
    "count": 0,
    "lang": "fr",
    "updated": 0
  },
  {
    "id": "4926b03d-e028-4d4e-b34c-51451d729eda",
    "data": [
      {
        "text": "bonjour",
        "userDefined": false
      }
    ],
    "isTemplate": false,
    "count": 0,
    "lang": "fr",
    "updated": 0
  }
]